"code","name","flag","createdAt","updatedAt"
"AD","Andorra","AD.png","2020-06-20 09:03:18",NULL
"AE","United Arab Emirates","AE.png","2020-06-20 09:03:18",NULL
"AF","Afghanistan","AF.png","2020-06-20 09:03:18",NULL
"AG","Antigua and/or Barbuda","AG.png","2020-06-20 09:03:18",NULL
"AI","Anguilla","AI.png","2020-06-20 09:03:18",NULL
"AL","Albania","AL.png","2020-06-20 09:03:18",NULL
"AM","Armenia","AM.png","2020-06-20 09:03:18",NULL
"AN","Netherlands Antilles","AN.png","2020-06-20 09:03:18",NULL
"AO","Angola","AO.png","2020-06-20 09:03:18",NULL
"AQ","Antarctica","AQ.png","2020-06-20 09:03:18",NULL
"AR","Argentina","AR.png","2020-06-20 09:03:18",NULL
"AS","American Samoa","AS.png","2020-06-20 09:03:18",NULL
"AT","Austria","AT.png","2020-06-20 09:03:18",NULL
"AU","Australia","AU.png","2020-06-20 09:03:18",NULL
"AW","Aruba","AW.png","2020-06-20 09:03:18",NULL
"AZ","Azerbaijan","AZ.png","2020-06-20 09:03:18",NULL
"BA","Bosnia and Herzegovina","BA.png","2020-06-20 09:03:18",NULL
"BB","Barbados","BB.png","2020-06-20 09:03:18",NULL
"BD","Bangladesh","BD.png","2020-06-20 09:03:18",NULL
"BE","Belgium","BE.png","2020-06-20 09:03:18",NULL
"BF","Burkina Faso","BF.png","2020-06-20 09:03:18",NULL
"BG","Bulgaria","BG.png","2020-06-20 09:03:18",NULL
"BH","Bahrain","BH.png","2020-06-20 09:03:18",NULL
"BI","Burundi","BI.png","2020-06-20 09:03:18",NULL
"BJ","Benin","BJ.png","2020-06-20 09:03:18",NULL
"BM","Bermuda","BM.png","2020-06-20 09:03:18",NULL
"BN","Brunei Darussalam","BN.png","2020-06-20 09:03:18",NULL
"BO","Bolivia","BO.png","2020-06-20 09:03:18",NULL
"BR","Brazil","BR.png","2020-06-20 09:03:18",NULL
"BS","Bahamas","BS.png","2020-06-20 09:03:18",NULL
"BT","Bhutan","BT.png","2020-06-20 09:03:18",NULL
"BV","Bouvet Island","BV.png","2020-06-20 09:03:18",NULL
"BW","Botswana","BW.png","2020-06-20 09:03:18",NULL
"BY","Belarus","BY.png","2020-06-20 09:03:18",NULL
"BZ","Belize","BZ.png","2020-06-20 09:03:18",NULL
"CA","Canada","CA.png","2020-06-20 09:03:18",NULL
"CC","Cocos (Keeling) Islands","CC.png","2020-06-20 09:03:18",NULL
"CD","Democratic Republic of Congo","CD.png","2020-06-20 09:03:18",NULL
"CF","Central African Republic","CF.png","2020-06-20 09:03:18",NULL
"CG","Congo","CG.png","2020-06-20 09:03:18",NULL
"CH","Switzerland","CH.png","2020-06-20 09:03:18",NULL
"CI","Ivory Coast","CI.png","2020-06-20 09:03:18",NULL
"CK","Cook Islands","CK.png","2020-06-20 09:03:18",NULL
"CL","Chile","CL.png","2020-06-20 09:03:18",NULL
"CM","Cameroon","CM.png","2020-06-20 09:03:18",NULL
"CN","China","CN.png","2020-06-20 09:03:18",NULL
"CO","Colombia","CO.png","2020-06-20 09:03:18",NULL
"CR","Costa Rica","CR.png","2020-06-20 09:03:18",NULL
"CU","Cuba","CU.png","2020-06-20 09:03:18",NULL
"CV","Cape Verde","CV.png","2020-06-20 09:03:18",NULL
"CX","Christmas Island","CX.png","2020-06-20 09:03:18",NULL
"CY","Cyprus","CY.png","2020-06-20 09:03:18",NULL
"CZ","Czech Republic","CZ.png","2020-06-20 09:03:18",NULL
"DE","Germany","DE.png","2020-06-20 09:03:18",NULL
"DJ","Djibouti","DJ.png","2020-06-20 09:03:18",NULL
"DK","Denmark","DK.png","2020-06-20 09:03:18",NULL
"DM","Dominica","DM.png","2020-06-20 09:03:18",NULL
"DO","Dominican Republic","DO.png","2020-06-20 09:03:18",NULL
"DZ","Algeria","DZ.png","2020-06-20 09:03:18",NULL
"EC","Ecudaor","EC.png","2020-06-20 09:03:18",NULL
"EE","Estonia","EE.png","2020-06-20 09:03:18",NULL
"EG","Egypt","EG.png","2020-06-20 09:03:18",NULL
"EH","Western Sahara","EH.png","2020-06-20 09:03:18",NULL
"ER","Eritrea","ER.png","2020-06-20 09:03:18",NULL
"ES","Spain","ES.png","2020-06-20 09:03:18",NULL
"ET","Ethiopia","ET.png","2020-06-20 09:03:18",NULL
"FI","Finland","FI.png","2020-06-20 09:03:18",NULL
"FJ","Fiji","FJ.png","2020-06-20 09:03:18",NULL
"FK","Falkland Islands (Malvinas)","FK.png","2020-06-20 09:03:18",NULL
"FM","Micronesia, Federated States of","FM.png","2020-06-20 09:03:18",NULL
"FO","Faroe Islands","FO.png","2020-06-20 09:03:18",NULL
"FR","France","FR.png","2020-06-20 09:03:18",NULL
"FX","France, Metropolitan","FX.png","2020-06-20 09:03:18",NULL
"GA","Gabon","GA.png","2020-06-20 09:03:18",NULL
"GB","United Kingdom","GB.png","2020-06-20 09:03:18",NULL
"GD","Grenada","GD.png","2020-06-20 09:03:18",NULL
"GE","Georgia","GE.png","2020-06-20 09:03:18",NULL
"GF","French Guiana","GF.png","2020-06-20 09:03:18",NULL
"GH","Ghana","GH.png","2020-06-20 09:03:18",NULL
"GI","Gibraltar","GI.png","2020-06-20 09:03:18",NULL
"GL","Greenland","GL.png","2020-06-20 09:03:18",NULL
"GM","Gambia","GM.png","2020-06-20 09:03:18",NULL
"GN","Guinea","GN.png","2020-06-20 09:03:18",NULL
"GP","Guadeloupe","GP.png","2020-06-20 09:03:18",NULL
"GQ","Equatorial Guinea","GQ.png","2020-06-20 09:03:18",NULL
"GR","Greece","GR.png","2020-06-20 09:03:18",NULL
"GS","South Georgia South Sandwich Islands","GS.png","2020-06-20 09:03:18",NULL
"GT","Guatemala","GT.png","2020-06-20 09:03:18",NULL
"GU","Guam","GU.png","2020-06-20 09:03:18",NULL
"GW","Guinea-Bissau","GW.png","2020-06-20 09:03:18",NULL
"GY","Guyana","GY.png","2020-06-20 09:03:18",NULL
"HK","Hong Kong","HK.png","2020-06-20 09:03:18",NULL
"HM","Heard and Mc Donald Islands","HM.png","2020-06-20 09:03:18",NULL
"HN","Honduras","HN.png","2020-06-20 09:03:18",NULL
"HR","Croatia (Hrvatska)","HR.png","2020-06-20 09:03:18",NULL
"HT","Haiti","HT.png","2020-06-20 09:03:18",NULL
"HU","Hungary","HU.png","2020-06-20 09:03:18",NULL
"ID","Indonesia","ID.png","2020-06-20 09:03:18",NULL
"IE","Ireland","IE.png","2020-06-20 09:03:18",NULL
"IL","Israel","IL.png","2020-06-20 09:03:18",NULL
"IN","India","IN.png","2020-06-20 09:03:18",NULL
"IO","British lndian Ocean Territory","IO.png","2020-06-20 09:03:18",NULL
"IQ","Iraq","IQ.png","2020-06-20 09:03:18",NULL
"IR","Iran (Islamic Republic of)","IR.png","2020-06-20 09:03:18",NULL
"IS","Iceland","IS.png","2020-06-20 09:03:18",NULL
"IT","Italy","IT.png","2020-06-20 09:03:18",NULL
"JM","Jamaica","JM.png","2020-06-20 09:03:18",NULL
"JO","Jordan","JO.png","2020-06-20 09:03:18",NULL
"JP","Japan","JP.png","2020-06-20 09:03:18",NULL
"KE","Kenya","KE.png","2020-06-20 09:03:18",NULL
"KG","Kyrgyzstan","KG.png","2020-06-20 09:03:18",NULL
"KH","Cambodia","KH.png","2020-06-20 09:03:18",NULL
"KI","Kiribati","KI.png","2020-06-20 09:03:18",NULL
"KM","Comoros","KM.png","2020-06-20 09:03:18",NULL
"KN","Saint Kitts and Nevis","KN.png","2020-06-20 09:03:18",NULL
"KP","Korea, Democratic People's Republic of","KP.png","2020-06-20 09:03:18",NULL
"KR","Korea, Republic of","KR.png","2020-06-20 09:03:18",NULL
"KW","Kuwait","KW.png","2020-06-20 09:03:18",NULL
"KY","Cayman Islands","KY.png","2020-06-20 09:03:18",NULL
"KZ","Kazakhstan","KZ.png","2020-06-20 09:03:18",NULL
"LA","Lao People's Democratic Republic","LA.png","2020-06-20 09:03:18",NULL
"LB","Lebanon","LB.png","2020-06-20 09:03:18",NULL
"LC","Saint Lucia","LC.png","2020-06-20 09:03:18",NULL
"LI","Liechtenstein","LI.png","2020-06-20 09:03:18",NULL
"LK","Sri Lanka","LK.png","2020-06-20 09:03:18",NULL
"LR","Liberia","LR.png","2020-06-20 09:03:18",NULL
"LS","Lesotho","LS.png","2020-06-20 09:03:18",NULL
"LT","Lithuania","LT.png","2020-06-20 09:03:18",NULL
"LU","Luxembourg","LU.png","2020-06-20 09:03:18",NULL
"LV","Latvia","LV.png","2020-06-20 09:03:18",NULL
"LY","Libyan Arab Jamahiriya","LY.png","2020-06-20 09:03:18",NULL
"MA","Morocco","MA.png","2020-06-20 09:03:18",NULL
"MC","Monaco","MC.png","2020-06-20 09:03:18",NULL
"MD","Moldova, Republic of","MD.png","2020-06-20 09:03:18",NULL
"MG","Madagascar","MG.png","2020-06-20 09:03:18",NULL
"MH","Marshall Islands","MH.png","2020-06-20 09:03:18",NULL
"MK","Macedonia","MK.png","2020-06-20 09:03:18",NULL
"ML","Mali","ML.png","2020-06-20 09:03:18",NULL
"MM","Myanmar","MM.png","2020-06-20 09:03:18",NULL
"MN","Mongolia","MN.png","2020-06-20 09:03:18",NULL
"MO","Macau","MO.png","2020-06-20 09:03:18",NULL
"MP","Northern Mariana Islands","MP.png","2020-06-20 09:03:18",NULL
"MQ","Martinique","MQ.png","2020-06-20 09:03:18",NULL
"MR","Mauritania","MR.png","2020-06-20 09:03:18",NULL
"MS","Montserrat","MS.png","2020-06-20 09:03:18",NULL
"MT","Malta","MT.png","2020-06-20 09:03:18",NULL
"MU","Mauritius","MU.png","2020-06-20 09:03:18",NULL
"MV","Maldives","MV.png","2020-06-20 09:03:18",NULL
"MW","Malawi","MW.png","2020-06-20 09:03:18",NULL
"MX","Mexico","MX.png","2020-06-20 09:03:18",NULL
"MY","Malaysia","MY.png","2020-06-20 09:03:18",NULL
"MZ","Mozambique","MZ.png","2020-06-20 09:03:18",NULL
"NA","Namibia","NA.png","2020-06-20 09:03:18",NULL
"NC","New Caledonia","NC.png","2020-06-20 09:03:18",NULL
"NE","Niger","NE.png","2020-06-20 09:03:18",NULL
"NF","Norfork Island","NF.png","2020-06-20 09:03:18",NULL
"NG","Nigeria","NG.png","2020-06-20 09:03:18",NULL
"NI","Nicaragua","NI.png","2020-06-20 09:03:18",NULL
"NL","Netherlands","NL.png","2020-06-20 09:03:18",NULL
"NO","Norway","NO.png","2020-06-20 09:03:18",NULL
"NP","Nepal","NP.png","2020-06-20 09:03:18",NULL
"NR","Nauru","NR.png","2020-06-20 09:03:18",NULL
"NU","Niue","NU.png","2020-06-20 09:03:18",NULL
"NZ","New Zealand","NZ.png","2020-06-20 09:03:18",NULL
"OM","Oman","OM.png","2020-06-20 09:03:18",NULL
"PA","Panama","PA.png","2020-06-20 09:03:18",NULL
"PE","Peru","PE.png","2020-06-20 09:03:18",NULL
"PF","French Polynesia","PF.png","2020-06-20 09:03:18",NULL
"PG","Papua New Guinea","PG.png","2020-06-20 09:03:18",NULL
"PH","Philippines","PH.png","2020-06-20 09:03:18",NULL
"PK","Pakistan","PK.png","2020-06-20 09:03:18",NULL
"PL","Poland","PL.png","2020-06-20 09:03:18",NULL
"PM","St. Pierre and Miquelon","PM.png","2020-06-20 09:03:18",NULL
"PN","Pitcairn","PN.png","2020-06-20 09:03:18",NULL
"PR","Puerto Rico","PR.png","2020-06-20 09:03:18",NULL
"PT","Portugal","PT.png","2020-06-20 09:03:18",NULL
"PW","Palau","PW.png","2020-06-20 09:03:18",NULL
"PY","Paraguay","PY.png","2020-06-20 09:03:18",NULL
"QA","Qatar","QA.png","2020-06-20 09:03:18",NULL
"RE","Reunion","RE.png","2020-06-20 09:03:18",NULL
"RO","Romania","RO.png","2020-06-20 09:03:18",NULL
"RS","Serbia","RS.png","2020-06-20 09:03:18",NULL
"RU","Russian Federation","RU.png","2020-06-20 09:03:18",NULL
"RW","Rwanda","RW.png","2020-06-20 09:03:18",NULL
"SA","Saudi Arabia","SA.png","2020-06-20 09:03:18",NULL
"SB","Solomon Islands","SB.png","2020-06-20 09:03:18",NULL
"SC","Seychelles","SC.png","2020-06-20 09:03:18",NULL
"SD","Sudan","SD.png","2020-06-20 09:03:18",NULL
"SE","Sweden","SE.png","2020-06-20 09:03:18",NULL
"SG","Singapore","SG.png","2020-06-20 09:03:18",NULL
"SH","St. Helena","SH.png","2020-06-20 09:03:18",NULL
"SI","Slovenia","SI.png","2020-06-20 09:03:18",NULL
"SJ","Svalbarn and Jan Mayen Islands","SJ.png","2020-06-20 09:03:18",NULL
"SK","Slovakia","SK.png","2020-06-20 09:03:18",NULL
"SL","Sierra Leone","SL.png","2020-06-20 09:03:18",NULL
"SM","San Marino","SM.png","2020-06-20 09:03:18",NULL
"SN","Senegal","SN.png","2020-06-20 09:03:18",NULL
"SO","Somalia","SO.png","2020-06-20 09:03:18",NULL
"SR","Suriname","SR.png","2020-06-20 09:03:18",NULL
"SS","Republic of South Sudan","SS.png","2020-06-20 09:03:18",NULL
"ST","Sao Tome and Principe","ST.png","2020-06-20 09:03:18",NULL
"SV","El Salvador","SV.png","2020-06-20 09:03:18",NULL
"SY","Syrian Arab Republic","SY.png","2020-06-20 09:03:18",NULL
"SZ","Swaziland","SZ.png","2020-06-20 09:03:18",NULL
"TC","Turks and Caicos Islands","TC.png","2020-06-20 09:03:18",NULL
"TD","Chad","TD.png","2020-06-20 09:03:18",NULL
"TF","French Southern Territories","TF.png","2020-06-20 09:03:18",NULL
"TG","Togo","TG.png","2020-06-20 09:03:18",NULL
"TH","Thailand","TH.png","2020-06-20 09:03:18",NULL
"TJ","Tajikistan","TJ.png","2020-06-20 09:03:18",NULL
"TK","Tokelau","TK.png","2020-06-20 09:03:18",NULL
"TM","Turkmenistan","TM.png","2020-06-20 09:03:18",NULL
"TN","Tunisia","TN.png","2020-06-20 09:03:18",NULL
"TO","Tonga","TO.png","2020-06-20 09:03:18",NULL
"TP","East Timor","TP.png","2020-06-20 09:03:18",NULL
"TR","Turkey","TR.png","2020-06-20 09:03:18",NULL
"TT","Trinidad and Tobago","TT.png","2020-06-20 09:03:18",NULL
"TV","Tuvalu","TV.png","2020-06-20 09:03:18",NULL
"TW","Taiwan","TW.png","2020-06-20 09:03:18",NULL
"TY","Mayotte","TY.png","2020-06-20 09:03:18",NULL
"TZ","Tanzania, United Republic of","TZ.png","2020-06-20 09:03:18",NULL
"UA","Ukraine","UA.png","2020-06-20 09:03:18",NULL
"UG","Uganda","UG.png","2020-06-20 09:03:18",NULL
"UM","United States minor outlying islands","UM.png","2020-06-20 09:03:18",NULL
"US","United States","US.png","2020-06-20 09:03:18",NULL
"UY","Uruguay","UY.png","2020-06-20 09:03:18",NULL
"UZ","Uzbekistan","UZ.png","2020-06-20 09:03:18",NULL
"VA","Vatican City State","VA.png","2020-06-20 09:03:18",NULL
"VC","Saint Vincent and the Grenadines","VC.png","2020-06-20 09:03:18",NULL
"VE","Venezuela","VE.png","2020-06-20 09:03:18",NULL
"VG","Virgin Islands (British)","VG.png","2020-06-20 09:03:18",NULL
"VI","Virgin Islands (U.S.)","VI.png","2020-06-20 09:03:18",NULL
"VN","Vietnam","VN.png","2020-06-20 09:03:18",NULL
"VU","Vanuatu","VU.png","2020-06-20 09:03:18",NULL
"WF","Wallis and Futuna Islands","WF.png","2020-06-20 09:03:18",NULL
"WS","Samoa","WS.png","2020-06-20 09:03:18",NULL
"YE","Yemen","YE.png","2020-06-20 09:03:18",NULL
"YU","Yugoslavia","YU.png","2020-06-20 09:03:18",NULL
"ZA","South Africa","ZA.png","2020-06-20 09:03:18",NULL
"ZM","Zambia","ZM.png","2020-06-20 09:03:18",NULL
"ZR","Zaire","ZR.png","2020-06-20 09:03:18",NULL
"ZW","Zimbabwe","ZW.png","2020-06-20 09:03:18",NULL
