"id","submission_id","completeness","subject_knowledge","comments","createdAt","updatedAt"
"1","45","2.2","2.2","Voluptatem molestias aut dicta dolore quia.","2020-06-20 09:08:33",NULL
"2","33","2.2","5.1","Atque iusto fugit ut quia minus.","2020-06-20 09:08:33",NULL
"3","29","5.1","5.1","Perferendis quaerat est vel nihil facere vitae alias.","2020-06-20 09:08:33",NULL
"4","44","5.1","5.1","Quasi incidunt magni cumque velit cupiditate tempora.","2020-06-20 09:08:33",NULL
"5","3","2.2","2.3","Earum quaerat veniam eum iste quis ad dolore.","2020-06-20 09:08:33",NULL
"6","16","5.1","5.1","Ut unde iste soluta et ratione reprehenderit commodi illo.","2020-06-20 09:08:33",NULL
"7","26","5.1","5.1","Occaecati suscipit repudiandae natus qui eligendi voluptatem.","2020-06-20 09:08:33",NULL
"8","20","2.3","2.3","Minus expedita aspernatur tenetur consequuntur possimus.","2020-06-20 09:08:33",NULL
"9","22","2.2","5.1","Id eius est quis veniam necessitatibus ex aspernatur exercitationem.","2020-06-20 09:08:33",NULL
"10","10","5.1","5.1","Quam optio at dolor deserunt esse nesciunt.","2020-06-20 09:08:33",NULL
"11","14","2.2","5.1","Ab sapiente debitis laudantium.","2020-06-20 09:08:33",NULL
"12","2","2.2","5.1","Quis sunt sint pariatur nemo.","2020-06-20 09:08:33",NULL
"13","44","2.2","2.3","Omnis omnis harum omnis aut doloribus quae dolor.","2020-06-20 09:08:33",NULL
"14","12","2.2","5.1","Quia officiis aliquid et doloribus eveniet.","2020-06-20 09:08:33",NULL
"15","36","2.3","2.3","Nulla libero quo sunt recusandae consequatur excepturi veniam.","2020-06-20 09:08:33",NULL
"16","2","5.1","5.1","Sed aut ad esse quas omnis assumenda adipisci.","2020-06-20 09:08:33",NULL
"17","24","2.3","2.2","Facere delectus hic minima iure et magnam cum.","2020-06-20 09:08:33",NULL
"18","43","5.1","2.3","Aut modi repellat omnis reprehenderit.","2020-06-20 09:08:33",NULL
"19","31","5.1","5.1","Corporis unde ipsam omnis esse.","2020-06-20 09:08:33",NULL
"20","19","5.1","2.2","Quaerat magni aperiam nesciunt optio.","2020-06-20 09:08:33",NULL
"21","16","5.1","5.1","Porro ab sapiente aliquam repudiandae officiis sed.","2020-06-20 09:08:33",NULL
"22","14","2.2","5.1","Sint molestiae repellat id labore.","2020-06-20 09:08:33",NULL
"23","46","2.2","5.1","Blanditiis et ducimus culpa sit et at.","2020-06-20 09:08:34",NULL
"24","6","2.2","5.1","Animi explicabo perferendis veniam ipsum sit.","2020-06-20 09:08:34",NULL
"25","37","5.1","2.2","Consequatur illum nihil hic a quisquam ipsam.","2020-06-20 09:08:34",NULL
"26","3","2.3","5.1","Repellat quasi ut itaque nobis voluptas.","2020-06-20 09:08:34",NULL
"27","28","5.1","5.1","Nam ipsam dolorem quia aperiam.","2020-06-20 09:08:34",NULL
"28","12","2.3","5.1","Reprehenderit explicabo sequi suscipit.","2020-06-20 09:08:34",NULL
"29","5","2.3","5.1","Iste et et quos omnis soluta et voluptatem.","2020-06-20 09:08:34",NULL
"30","25","2.2","5.1","Sed quia libero nihil aut.","2020-06-20 09:08:34",NULL
"31","35","5.1","5.1","Est quasi dolor est est iste.","2020-06-20 09:08:34",NULL
"32","17","5.1","5.1","Qui quis deleniti ut minus maxime.","2020-06-20 09:08:34",NULL
"33","8","5.1","5.1","Possimus ut rerum ipsam nemo fuga a a.","2020-06-20 09:08:34",NULL
"34","5","5.1","2.3","Quis animi qui voluptas consequuntur reprehenderit eum.","2020-06-20 09:08:34",NULL
"35","49","5.1","2.3","Magnam fuga autem quas molestiae aut voluptatibus.","2020-06-20 09:08:34",NULL
"36","44","5.1","2.2","Sint vel eos est nesciunt dicta velit voluptatum.","2020-06-20 09:08:34",NULL
"37","2","2.3","5.1","Molestias neque aspernatur asperiores possimus hic voluptatem ipsum quia.","2020-06-20 09:08:34",NULL
"38","36","2.3","2.2","Fugiat est alias quod doloremque et consequatur.","2020-06-20 09:08:34",NULL
"39","21","2.3","5.1","Soluta reprehenderit id qui harum.","2020-06-20 09:08:34",NULL
"40","44","2.2","5.1","Atque et vel unde perferendis ut.","2020-06-20 09:08:34",NULL
"41","20","5.1","2.3","Recusandae delectus commodi qui maxime eligendi et nemo.","2020-06-20 09:08:34",NULL
"42","16","5.1","2.3","Veritatis officiis nulla odio fugiat rerum est quam aut.","2020-06-20 09:08:34",NULL
"43","29","5.1","5.1","Molestiae exercitationem tenetur ullam aut ratione velit qui.","2020-06-20 09:08:34",NULL
"44","40","5.1","2.3","Eligendi voluptates nihil fuga facere rerum omnis.","2020-06-20 09:08:34",NULL
"45","6","5.1","5.1","Velit fuga corrupti quia pariatur et quidem.","2020-06-20 09:08:34",NULL
"46","28","5.1","2.2","Nostrum non tempora excepturi quo voluptatibus ullam id.","2020-06-20 09:08:34",NULL
"47","2","5.1","5.1","Aut ea maiores optio aut vel soluta.","2020-06-20 09:08:34",NULL
"48","30","5.1","2.3","Voluptatem quae temporibus quasi consequatur consequuntur.","2020-06-20 09:08:34",NULL
"49","32","5.1","2.2","Eaque quos tempore veniam ratione quae.","2020-06-20 09:08:34",NULL
"50","22","2.3","5.1","Et voluptas possimus et soluta eum.","2020-06-20 09:08:34",NULL
"51","16","5.1","2.3","Ut iure ab sit animi.","2020-06-20 09:08:34",NULL
"52","26","5.1","2.3","Placeat quaerat atque omnis veritatis qui doloribus veritatis.","2020-06-20 09:08:34",NULL
"53","13","5.1","5.1","Necessitatibus amet odio praesentium nesciunt eius.","2020-06-20 09:08:34",NULL
"54","25","5.1","5.1","Dolores occaecati illum minus enim.","2020-06-20 09:08:34",NULL
"55","17","5.1","5.1","Tenetur mollitia libero mollitia inventore facilis.","2020-06-20 09:08:34",NULL
"56","7","5.1","5.1","Voluptates in maiores dolor nostrum.","2020-06-20 09:08:35",NULL
"57","42","2.3","2.2","Ea dolores minus et qui quia.","2020-06-20 09:08:35",NULL
"58","49","2.3","5.1","Est autem dolorum et qui.","2020-06-20 09:08:35",NULL
"59","10","5.1","5.1","Eum iusto ut voluptate natus.","2020-06-20 09:08:35",NULL
"60","27","2.3","5.1","Qui autem ex quis harum qui.","2020-06-20 09:08:35",NULL
"61","4","5.1","2.3","Qui voluptatem sint qui nobis similique explicabo.","2020-06-20 09:08:35",NULL
"62","4","5.1","2.3","Dolor ut neque labore quas.","2020-06-20 09:08:35",NULL
"63","38","5.1","5.1","Blanditiis sit omnis nulla enim aut maxime.","2020-06-20 09:08:35",NULL
"64","31","5.1","5.1","Consequuntur quo aperiam sequi id voluptas est.","2020-06-20 09:08:35",NULL
"65","47","5.1","5.1","Incidunt mollitia dignissimos quas saepe.","2020-06-20 09:08:35",NULL
"66","37","2.2","5.1","Ipsum ipsam sunt accusamus consequatur nostrum fuga eos.","2020-06-20 09:08:35",NULL
"67","20","5.1","5.1","Nihil excepturi corporis sapiente reiciendis quae nihil.","2020-06-20 09:08:35",NULL
"68","43","2.3","2.3","Nisi magni praesentium a qui illo recusandae.","2020-06-20 09:08:35",NULL
"69","4","2.3","2.2","Ut blanditiis tempora dolores voluptates explicabo eaque.","2020-06-20 09:08:35",NULL
"70","24","2.3","2.3","Eum nesciunt ea corrupti vero.","2020-06-20 09:08:35",NULL
"71","24","5.1","2.3","Repudiandae rerum alias quasi quia aut itaque.","2020-06-20 09:08:35",NULL
"72","32","2.2","5.1","Quas laboriosam cumque voluptas incidunt ducimus magni.","2020-06-20 09:08:35",NULL
"73","21","5.1","5.1","Blanditiis quaerat repellendus qui voluptate et assumenda.","2020-06-20 09:08:35",NULL
"74","14","5.1","5.1","Similique nemo aut sint temporibus ea saepe.","2020-06-20 09:08:35",NULL
"75","7","5.1","2.2","Necessitatibus et adipisci ut quibusdam.","2020-06-20 09:08:35",NULL
"76","10","5.1","5.1","Magnam eos quaerat vitae ab.","2020-06-20 09:08:35",NULL
"77","28","2.3","5.1","Et blanditiis sed labore magnam numquam.","2020-06-20 09:08:35",NULL
"78","27","2.3","2.3","Et unde quis inventore voluptatum.","2020-06-20 09:08:35",NULL
"79","46","5.1","5.1","Soluta deserunt corrupti voluptatum quia quas laborum cumque.","2020-06-20 09:08:35",NULL
"80","40","2.2","5.1","Doloremque suscipit dolorem aliquid quae illo.","2020-06-20 09:08:35",NULL
"81","15","5.1","2.2","Qui fuga et illo.","2020-06-20 09:08:35",NULL
"82","3","5.1","5.1","Ipsa et facilis qui eum.","2020-06-20 09:08:35",NULL
"83","2","2.2","5.1","Recusandae nostrum alias aut ea qui.","2020-06-20 09:08:35",NULL
"84","18","5.1","2.2","Rerum harum est voluptates dolore ea.","2020-06-20 09:08:35",NULL
"85","17","2.2","2.3","Minima eum ex nam autem dolor inventore.","2020-06-20 09:08:35",NULL
"86","36","2.3","5.1","Quae ratione rem vel fugit.","2020-06-20 09:08:35",NULL
"87","30","2.3","2.2","Deserunt corporis et dolores ipsa.","2020-06-20 09:08:35",NULL
"88","10","5.1","2.2","Eum neque unde quas quidem consectetur molestiae.","2020-06-20 09:08:35",NULL
"89","22","2.3","2.3","Autem quibusdam sapiente illo eveniet.","2020-06-20 09:08:35",NULL
"90","6","2.2","5.1","Laboriosam quia eum qui quisquam laborum similique.","2020-06-20 09:08:35",NULL
"91","4","2.3","5.1","Nemo tenetur velit velit qui minus.","2020-06-20 09:08:36",NULL
"92","3","2.2","2.2","Occaecati sit odit accusamus.","2020-06-20 09:08:36",NULL
"93","48","2.3","5.1","Qui aliquam est molestias odit.","2020-06-20 09:08:36",NULL
"94","49","2.3","5.1","Occaecati deleniti omnis mollitia.","2020-06-20 09:08:36",NULL
"95","26","5.1","2.2","Ea ipsa sunt veniam suscipit enim sunt ut.","2020-06-20 09:08:36",NULL
"96","42","5.1","5.1","Maiores in quos dolores alias quidem itaque quibusdam unde.","2020-06-20 09:08:36",NULL
"97","35","5.1","2.3","Ratione et porro et qui vel.","2020-06-20 09:08:36",NULL
"98","42","2.2","5.1","Reiciendis illum doloremque alias sit.","2020-06-20 09:08:36",NULL
"99","9","5.1","2.2","Ipsam exercitationem eligendi quia ut.","2020-06-20 09:08:36",NULL
"100","48","2.2","5.1","Aut rerum aliquam est culpa.","2020-06-20 09:08:36",NULL
