"id","name","description","createdAt","updatedAt"
"1","et","Reiciendis consequuntur possimus ad reprehenderit placeat.","2020-06-20 09:03:18",NULL
"2","voluptatem","Voluptatem ex mollitia alias explicabo.","2020-06-20 09:03:18",NULL
"3","quia","Similique in eveniet adipisci modi ipsum rerum.","2020-06-20 09:03:18",NULL
"4","et","Ipsa praesentium eveniet ut quis nostrum quo qui laudantium.","2020-06-20 09:03:18",NULL
"5","possimus","Reprehenderit dolor molestias et et dolores perspiciatis.","2020-06-20 09:03:18",NULL
"6","est","Dicta excepturi quasi nobis minima.","2020-06-20 09:03:18",NULL
"7","rerum","Sed sunt soluta ea quia.","2020-06-20 09:03:18",NULL
"8","repellendus","Ab provident sed nostrum.","2020-06-20 09:03:18",NULL
"9","aut","Sint et magnam vel.","2020-06-20 09:03:18",NULL
"10","fugit","In maxime a quos fugit.","2020-06-20 09:03:18",NULL
"11","iure","Facere inventore adipisci non aut placeat tenetur.","2020-06-20 09:03:18",NULL
"12","soluta","Facilis fuga sint aliquam qui aut aut.","2020-06-20 09:03:18",NULL
"13","doloremque","Perferendis omnis assumenda natus amet voluptatem.","2020-06-20 09:03:18",NULL
"14","ut","Earum corrupti consequatur nihil nihil harum cupiditate a.","2020-06-20 09:03:18",NULL
"15","doloremque","Nihil tenetur cupiditate id harum ut totam.","2020-06-20 09:03:18",NULL
"16","quibusdam","Beatae consectetur vel molestiae qui.","2020-06-20 09:03:19",NULL
"17","earum","Qui et a et qui.","2020-06-20 09:03:19",NULL
"18","molestiae","Fugiat voluptatem numquam blanditiis qui.","2020-06-20 09:03:19",NULL
"19","eveniet","Aliquam eius eos ratione.","2020-06-20 09:03:19",NULL
"20","in","Explicabo maxime occaecati mollitia suscipit ea quibusdam.","2020-06-20 09:03:19",NULL
